{
  "project_info": {
    "project_number": "952282111184",
    "project_id": "stop-touch-7b6af",
    "storage_bucket": "stop-touch-7b6af.appspot.com"
  },
  "client": [
    {
      "client_info": {
        "mobilesdk_app_id": "1:952282111184:android:446686b828c590a23b52d5",
        "android_client_info": {
          "package_name": "com.example.applocker"
        }
      },
      "oauth_client": [],
      "api_key": [
        {
          "current_key": "AIzaSyDaYtcDlUJElEAQyD06kCEyt2-ycvw3PsY"
        }
      ],
      "services": {
        "appinvite_service": {
          "other_platform_oauth_client": []
        }
      }
    }
  ],
  "configuration_version": "1"
}